"Community Groundbreaker","w"
"Community Groundbreaker","2"
"Community Groundbreaker","w"
"Community Groundbreaker","w"
"Nature Advocate","w"
"Community Groundbreaker","w"
"Community Groundbreaker","w"
"Community Groundbreaker","j"
"Community Groundbreaker","w"
"Community Groundbreaker","w"
"Community Groundbreaker","w"
"Community Groundbreaker","w"
"Community Groundbreaker","w"
"Community Groundbreaker","w"
"Community Groundbreaker","w"
"The Connector","BALLS BALLS BALLS BALLS BALLS BALLS BALLS BALLS"
"The Connector","qa"
"The Connector","w"
"The Analyst","balls"
"The Connector","TEST2"
"The Connector","TEST3"
"The Visionary","D"
"The Connector","TEST5"
"The Visionary","TEST6"
"The Visionary","H2"
"The Connector","YH3"
"The Visionary","TEST7"
"The Connector","TEST6"
"The Connector","TEST8"
